Player,Points Mean,Points Std Dev,Points Distribution,Points Params,Rebounds Mean,Rebounds Std Dev,Rebounds Distribution,Rebounds Params,Assists Mean,Assists Std Dev,Assists Distribution,Assists Params
Tyrese Haliburton,18.803056405857557,8.051372292446612,beta,"[1.7525267981960688, 1.5293389335660232, -1.1461611019288984, 36.82778241501238]",3.2974177526427995,1.6730669340109496,expon,"[1.0, 2.44]",8.423072180874438,2.1913875904638527,expon,"[4.0, 4.84]"
James Harden,22.671535405548905,7.4024278285773075,norm,"[21.52, 7.6216533639362]",5.595634736228893,2.55229368096089,expon,"[1.0, 4.66]",9.543449283184097,3.0173879749983765,expon,"[1.0, 7.4399999999999995]"
Ivica Zubac,16.45759840804448,5.653988386259776,expon,"[4.0, 11.18]",12.14153781771404,4.254972046112668,expon,"[6.0, 6.460000000000001]",2.248435501323451,1.364185142193639,beta,"[0.9344888601774126, 0.9201525872083058, -0.026400268582331264, 5.026400268582332]"
Andrew Nembhard,10.40178617966547,4.7454217791337285,beta,"[0.9275399581991947, 1.3702716136756186, 1.9999999999999998, 21.10279193056872]",3.3560452358139354,2.086269161535066,expon,"[0.0, 3.3076923076923075]",4.215482664767703,2.377171028200663,expon,"[1.0, 3.7948717948717947]"
Aaron Nesmith,8.845194741072623,5.523048487244247,expon,"[0.0, 8.45]",3.5635338310360125,2.5571917519119878,expon,"[0.0, 3.45]",1.5219496684368359,0.889266841869803,expon,"[0.0, 1.35]"
